"id","dorsal","nombre","apellidos","poblacion","club"
"1","832","Juston","Fritsch","North Angelica","Aurelie Ebert"
"2","412","Kaleigh","Miller","Wildermanhaven","Dr. Katharina Kertzmann"
"3","497","Turner","McLaughlin","Boyleborough","Dr. Omer Schuster"
"4","513","Charity","Mosciski","Lake Alayna","Miss Hertha Russel V"
"5","898","Zena","Pfeffer","West Angeline","Lacey Block"
"6","804","Korey","Lakin","Kristyview","Ms. Dovie Stroman"
"7","409","Corene","Walter","West Mazie","Dr. Ella Hermiston"
"8","668","Kacey","Ebert","Clementinaburgh","Vada Roob"
"9","439","Monte","Hahn","New Verda","Grant Daugherty"
"10","855","Onie","Welch","Cristianberg","Keanu Gleason"
"11","819","Nia","Torp","New Baileeport","Waylon Heidenreich"
"12","751","Kariane","Lehner","Mayertown","Kade Robel"
"13","186","Ivory","Dibbert","East Obie","Lurline Abshire I"
"14","647","Dudley","Treutel","Port Jenniemouth","Mrs. Danika Hoeger II"
"15","452","Oliver","Miller","Rogahnburgh","Nestor Walsh III"
"16","507","River","Schulist","North Alfonzo","Dr. Brenda Greenholt PhD"
"17","689","Carol","Heaney","Albertostad","Alek Kuhn"
"18","383","Melissa","Cummings","Borerberg","Lilian McCullough"
"19","246","Xander","Fisher","New Shawnaside","Ms. Evelyn Bode"
"20","17","Brenna","Blick","North Mikelbury","Jordane Champlin"
"21","875","Remington","Hagenes","McLaughlinville","Hugh Anderson"
"22","336","Rozella","Goldner","Port Lisette","Katharina Botsford"
"23","355","Rollin","Hyatt","South Eliseoberg","Johnathon Ferry DDS"
"24","643","Jewel","Schamberger","South Sasha","Jean Strosin"
"25","37","Neoma","Halvorson","West Noemystad","Garett Graham"
"26","448","Donato","Graham","Dallasmouth","Gillian Lemke"
"27","118","Giovanny","Bogan","New Bradfordmouth","Mandy Schiller"
"28","436","Brooke","Weissnat","West Leslieborough","Reva Witting"
"29","722","Emelie","Renner","Port Shanonstad","Mr. Oliver Waelchi III"
"30","700","Araceli","Schulist","Tabithahaven","Kaela Boehm"
"31","7","Keyshawn","Reilly","New Mitchell","Vidal Mayert"
"32","727","Catalina","Pollich","North Ameliefort","Miss Madonna Wiza DVM"
"33","480","Keanu","Heathcote","South Braedenmouth","Emily Rolfson"
"34","235","Devan","Hegmann","Rexside","Dr. Holly Davis II"
"35","405","Mireille","Ernser","South Anastasia","Jovanny Volkman"
"36","347","Elizabeth","O'Reilly","Anahihaven","Prof. Merl Cruickshank IV"
"37","1","Madisen","Hamill","New Delilah","Ophelia Green"
"38","159","Delilah","Schmidt","West Orinview","Mr. Lonzo O'Keefe"
"39","318","Devonte","Doyle","New Efrain","Dr. Beulah Ondricka III"
"40","183","Amina","Heathcote","Port Tatyanaberg","Isadore Bogisich V"
"41","444","Torey","Farrell","South Camron","Miss Carmella Wuckert III"
"42","191","Eloise","Ruecker","East Caylaport","Prof. Ellen Legros"
"43","79","Roxane","Botsford","Port Ryan","Ottilie O'Reilly"
"44","520","Rosina","Wisozk","East Kristian","Skyla Dietrich"
"45","814","Shaina","Hackett","Rafaelfort","Janelle Jacobi"
"46","900","Sam","Rippin","North Tyrique","Dakota Rolfson"
"47","617","Genevieve","Swift","South Natburgh","Laila Kohler"
"48","878","Zoey","Cormier","Earlhaven","Georgiana Barrows"
"49","601","Bartholome","Reinger","Leslytown","Abigail Hill"
"50","92","Lucinda","Spinka","Lake Erickburgh","Aiden Farrell II"
"51","530","George","Satterfield","Kubborough","Prof. Trenton Prosacco"
"52","209","Burnice","Turcotte","North Nikolasstad","Jackeline Koelpin"
"53","362","Zola","Borer","Roobview","Prof. Elva Reichel"
"54","778","Charlene","Kuhn","East Brittanymouth","Casandra Welch Jr."
"55","685","Margret","Welch","Soledadland","Cathy Heller V"
"56","659","Marcus","Streich","New Lillie","Johnny Boyer"
"57","16","Layla","Prohaska","East Cletaburgh","Abigale Frami"
"58","429","Ronny","Prohaska","North Victorport","Prof. Pearlie Goldner"
"59","185","Austyn","Cartwright","West Efrenhaven","Isaiah Schuster V"
"60","841","Harold","White","West Susannaborough","Ms. Aurore Dibbert"
"61","371","Ashlee","Boehm","North Amely","Dr. Brock Greenholt III"
"62","32","Nat","Beatty","Oberbrunnerhaven","Joseph Torphy"
"63","257","Megane","Kuhn","Ryanhaven","Ezequiel Lehner"
"64","987","Rex","Upton","Lake Jennieberg","Mr. Timothy Kuhic"
"65","269","Unique","Lueilwitz","West Berneicebury","Stephen Schmeler"
"66","867","Mackenzie","Corwin","West Alexandra","Carlotta Hilpert MD"
"67","35","Adelbert","Heller","Denesikhaven","Alan Champlin Jr."
"68","441","Robert","Koss","Friesenfurt","Mr. Victor Hartmann"
"69","120","Ines","Ebert","Considineport","Camryn Stiedemann"
"70","390","Mylene","Turner","Heberport","Blaise Bruen"
"71","607","Kian","Nikolaus","Metzmouth","Angelina Shields DDS"
"72","74","Kelsi","Schiller","Emmerichside","Gail Eichmann"
"73","670","Adan","Abernathy","Haneburgh","Belle Beier MD"
"74","132","Mary","Mante","South Axelborough","Dr. Gus Schultz Sr."
"75","341","Thora","Dare","Weissnattown","Edgardo Thompson"
"76","696","Kaley","Effertz","Clotildestad","Ms. Tabitha Brown"
"77","672","Titus","Huel","West Montanastad","Bulah Kreiger"
"78","792","Johnson","Breitenberg","Melisaburgh","Ms. Jaunita Crooks DDS"
"79","115","Raymundo","Cronin","West Modestoburgh","Herbert Treutel"
"80","975","Kelley","Balistreri","North Mohammad","Jessyca Rau"
"81","512","Eryn","Mann","North Gilbertbury","Sophie Kunze"
"82","762","Colton","Gleason","North Ryleigh","Elian Bergstrom"
"83","76","Harley","Ziemann","North Prudencehaven","Miss Susie Kuphal II"
"84","217","Germaine","Fay","South Ressie","Lucius Kozey"
"85","499","Finn","Ernser","Lake Madisenport","Tamia Wilderman"
"86","296","Otto","Runte","Lake Pedroborough","Prof. Emory Mante"
"87","165","Waino","Kozey","West Jovannychester","Jacinthe Hyatt"
"88","873","Jake","Carter","Imashire","Jane McKenzie"
"89","153","Jeffrey","Denesik","Elinormouth","Miss Maxie Maggio Sr."
"90","846","Celestine","McKenzie","Lefflermouth","Mrs. Zella Haley MD"
"91","585","Austyn","Sipes","Amiestad","Aurelie Konopelski"
"92","221","Arjun","Hamill","West Einoshire","Dejon Collins PhD"
"93","192","Chelsie","Stark","Zemlakton","Rose Rippin"
"94","834","Brooklyn","Dickinson","North Burdette","Mr. Chance Quigley"
"95","188","Imogene","Beatty","New Triston","Mr. Malcolm Cruickshank"
"96","411","Darrick","Morissette","North Ulisesshire","Reva Heathcote MD"
"97","957","Hailie","Sipes","West Carloston","Mrs. Jackeline Keebler"
"98","264","Eldred","Collier","Port Justen","Prof. Jessika Hane V"
"99","559","Brielle","Considine","South Kenyon","Dahlia Monahan V"
"100","968","Jacynthe","Thompson","Breitenbergburgh","Brian Rau"
"101","808","Mallory","Conn","East Melisaborough","Dolores Franecki"
"102","237","Finn","Pollich","East Rosellastad","Miss Stephany Simonis Sr."
"103","979","Viola","Buckridge","Marilieburgh","Marquise Predovic"
"104","827","Alene","Quitzon","North Laurence","Ms. Susie Quigley III"
